,0,1,2,3,4,5,6
0,The Dark Knight,(2008),16+,152 min,"Action, Crime, Drama",9.0,"
When the menace known as the Joker wreaks havoc and chaos on the people of Gotham, Batman must accept one of the greatest psychological and physical tests of his ability to fight injustice."
1,The Lord of the Rings: The Return of the King,(2003),16+,201 min,"Action, Adventure, Drama",9.0,"
Gandalf and Aragorn lead the World of Men against Sauron's army to draw his gaze from Frodo and Sam as they approach Mount Doom with the One Ring."
2,Inception,(2010),13+,148 min,"Action, Adventure, Sci-Fi",8.8,"
A thief who steals corporate secrets through the use of dream-sharing technology is given the inverse task of planting an idea into the mind of a C.E.O., but his tragic past may doom the project and his team to disaster."
3,The Lord of the Rings: The Fellowship of the Ring,(2001),13+,178 min,"Action, Adventure, Drama",8.8,"
A meek Hobbit from the Shire and eight companions set out on a journey to destroy the powerful One Ring and save Middle-earth from the Dark Lord Sauron."
4,The Lord of the Rings: The Two Towers,(2002),16+,179 min,"Action, Adventure, Drama",8.8,"
While Frodo and Sam edge closer to Mordor with the help of the shifty Gollum, the divided fellowship makes a stand against Sauron's new ally, Saruman, and his hordes of Isengard."
5,The Matrix,(1999),18+,136 min,"Action, Sci-Fi",8.7,"
When a beautiful stranger leads computer hacker Neo to a forbidding underworld, he discovers the shocking truth--the life he knows is the elaborate deception of an evil cyber-intelligence."
6,The Empire Strikes Back,(1980),7+,124 min,"Action, Adventure, Fantasy",8.7,"
After the Rebels are overpowered by the Empire, Luke Skywalker begins his Jedi training with Yoda, while his friends are pursued across the galaxy by Darth Vader and bounty hunter Boba Fett."
7,Soorarai Pottru,(2020),---,153 min,"Action, Drama",8.7,"
Nedumaaran Rajangam ""Maara"" sets out to make the common man fly and in the process takes on the world's most capital intensive industry and several enemies who stand in his way."
8,Star Wars,(1977),G,121 min,"Action, Adventure, Fantasy",8.6,"
Luke Skywalker joins forces with a Jedi Knight, a cocky pilot, a Wookiee and two droids to save the galaxy from the Empire's world-destroying battle station, while also attempting to rescue Princess Leia from the mysterious Darth Vader."
9,Terminator 2: Judgment Day,(1991),15+,137 min,"Action, Sci-Fi",8.6,"
A cyborg, identical to the one who failed to kill Sarah Connor, must now protect her 10-year old son John from an even more advanced and powerful cyborg."
10,Shichinin no samurai,(1954),---,207 min,"Action, Drama",8.6,"
Farmers from a village exploited by bandits hire a veteran samurai for protection, who gathers six other samurai to join him."
11,Seppuku,(1962),---,133 min,"Action, Drama, Mystery",8.6,"
When a ronin requesting seppuku at a feudal lord's palace is told of the brutal suicide of another ronin who previously visited, he reveals how their pasts are intertwined - and in doing so challenges the clan's integrity."
12,Sita Ramam,(2022),G,163 min,"Action, Drama, Mystery",8.6,"
An orphan soldier, Lieutenant Ram's life changes, after he gets a letter from a girl named Sita. He meets her and love blossoms between them. When he comes back to his camp in Kashmir,After he gets caught in jail, he sends a letter to Sita which won't reach her."
13,Gladiator,(2000),16+,155 min,"Action, Adventure, Drama",8.5,"
A former Roman General sets out to exact vengeance against the corrupt emperor who murdered his family and sent him into slavery."
14,Léon,(1994),18+,110 min,"Action, Crime, Drama",8.5,"
12-year-old Mathilda is reluctantly taken in by Léon, a professional assassin, after her family is murdered. An unusual relationship forms as she becomes his protégée and learns the assassin's trade."
15,Kaithi,(2019),---,145 min,"Action, Adventure, Crime",8.5,"
Dilli, an ex-convict, endeavours to meet his daughter for the first time after leaving prison. However, his attempts are interrupted due to a drug raid planned by Inspector Bejoy."
16,Avengers: Endgame,(2019),15A,181 min,"Action, Adventure, Drama",8.4,"
After the devastating events of Avengers: Infinity War (2018), the universe is in ruins. With the help of remaining allies, the Avengers assemble once more in order to reverse Thanos' actions and restore balance to the universe."
17,Spider-Man: Into the Spider-Verse,(2018),7+,117 min,"Animation, Action, Adventure",8.4,"
Teen Miles Morales becomes the Spider-Man of his universe, and must join with five spider-powered individuals from other dimensions to stop a threat for all realities."
18,Raiders of the Lost Ark,(1981),16+,115 min,"Action, Adventure",8.4,"
In 1936, archaeologist and adventurer Indiana Jones is hired by the U.S. government to find the Ark of the Covenant before the Nazis can obtain its awesome powers."
19,Oldeuboi,(2003),18+,120 min,"Action, Drama, Mystery",8.4,"
After being kidnapped and imprisoned for fifteen years, Oh Dae-Su is released, only to find that he must find his captor in five days."
20,The Dark Knight Rises,(2012),13A,164 min,"Action, Drama, Thriller",8.4,"
Eight years after the Joker's reign of chaos, Batman is coerced out of exile with the assistance of the mysterious Selina Kyle in order to defend Gotham City from the vicious guerrilla terrorist Bane."
21,Aliens,(1986),18+,137 min,"Action, Adventure, Sci-Fi",8.4,"
Decades after surviving the Nostromo incident, Ellen Ripley is sent out to re-establish contact with a terraforming colony but finds herself battling the Alien Queen and her offspring."
22,Avengers: Infinity War,(2018),13+,149 min,"Action, Adventure, Sci-Fi",8.4,"
The Avengers and their allies must be willing to sacrifice all in an attempt to defeat the powerful Thanos before his blitz of devastation and ruin puts an end to the universe."
23,Asuran,(2019),---,141 min,"Action, Drama",8.4,"
The teenage son of a farmer from an underprivileged caste kills a rich, upper caste landlord. Will the farmer, a loving father and a pacifist by heart, be able to save his hot-blooded son is the rest of the story."
24,Top Gun: Maverick,(2022),10+,130 min,"Action, Drama",8.3,"
After thirty years, Maverick is still pushing the envelope as a top naval aviator, but must confront ghosts of his past when he leads TOP GUN's elite graduates on a mission that demands the ultimate sacrifice from those chosen to fly it."
25,Heat,(1995),18+,170 min,"Action, Crime, Drama",8.3,"
A group of high-end professional thieves start to feel the heat from the LAPD when they unknowingly leave a clue at their latest heist."
26,Star Wars: Episode VI - Return of the Jedi,(1983),7+,131 min,"Action, Adventure, Fantasy",8.3,"
After rescuing Han Solo from Jabba the Hutt, the Rebels attempt to destroy the second Death Star, while Luke struggles to help Darth Vader back from the dark side."
27,Mononoke-hime,(1997),13+,134 min,"Animation, Action, Adventure",8.3,"
On a journey to find the cure for a Tatarigami's curse, Ashitaka finds himself in the middle of a war between the forest gods and Tatara, a mining colony. In this quest he also meets San, the Mononoke Hime."
28,North by Northwest,(1959),13A,136 min,"Action, Adventure, Mystery",8.3,"
A New York City advertising executive goes on the run after being mistaken for a government agent by a group of foreign spies, and falls for a woman whose loyalties he begins to doubt."
29,Dangal,(2016),7+,161 min,"Action, Biography, Drama",8.3,"
Former wrestler Mahavir Singh Phogat and his two wrestler daughters struggle towards glory at the Commonwealth Games in the face of societal oppression."
30,Kantara,(2022),---,148 min,"Action, Adventure, Drama",8.3,"
When greed paves the way for betrayal, scheming and murder, a young tribal reluctantly dons the traditions of his ancestors to seek justice."
31,K.G.F: Chapter 2,(2022),---,168 min,"Action, Crime, Drama",8.3,"
In the blood-soaked Kolar Gold Fields, Rocky's name strikes fear into his foes. While his allies look up to him, the government sees him as a threat to law and order. Rocky must battle threats from all sides for unchallenged supremacy."
32,Vikram,(2022),---,175 min,"Action, Crime, Thriller",8.3,"
A high-octane action film where a special investigator is assigned a case of serial Killings, he finds the case is not what it seems to be and leading down this path is only going to end in a war between everyone involved."
33,Ratsasan,(2018),---,170 min,"Action, Crime, Drama",8.3,"
A sub-inspector sets out in pursuit of a mysterious serial killer who targets teen school girls and murders them brutally."
34,Shershaah,(2021),13+,135 min,"Action, Biography, Drama",8.3,"
Shershaah is the story of PVC awardee Indian soldier Capt. Vikram Batra, whose bravery and unflinching courage in chasing the Pakistani soldiers out of Indian territory contributed immensely in India finally winning the Kargil War in 1999."
35,John Wick: Chapter 4,(2023),R,169 min,"Action, Crime, Thriller",8.2,"
John Wick uncovers a path to defeating The High Table. But before he can earn his freedom, Wick must face off against a new enemy with powerful alliances across the globe and forces that turn old friends into foes."
36,Spider-Man: No Way Home,(2021),10+,148 min,"Action, Adventure, Fantasy",8.2,"
With Spider-Man's identity now revealed, Peter asks Doctor Strange for help. When a spell goes wrong, dangerous foes from other worlds start to appear, forcing Peter to discover what it truly means to be Spider-Man."
37,Jurassic Park,(1993),16+,127 min,"Action, Adventure, Sci-Fi",8.2,"
A pragmatic paleontologist touring an almost complete theme park on an island in Central America is tasked with protecting a couple of kids after a power failure causes the park's cloned dinosaurs to run loose."
38,Kill Bill: Vol. 1,(2003),18+,111 min,"Action, Crime, Drama",8.2,"
After awakening from a four-year coma, a former assassin wreaks vengeance on the team of assassins who betrayed her."
39,1917,(2019),16+,119 min,"Action, Drama, War",8.2,"
April 6th, 1917. As an infantry battalion assembles to wage war deep in enemy territory, two soldiers are assigned to race against time and deliver a message that will stop 1,600 men from walking straight into a deadly trap."
40,Batman Begins,(2005),13+,140 min,"Action, Crime, Drama",8.2,"
After training with his mentor, Batman begins his fight to free crime-ridden Gotham City from corruption."
41,Indiana Jones and the Last Crusade,(1989),13+,127 min,"Action, Adventure",8.2,"
In 1938, after his father goes missing while pursuing the Holy Grail, Indiana Jones finds himself up against the Nazis again to stop them from obtaining its powers."
42,Die Hard,(1988),13+,132 min,"Action, Thriller",8.2,"
A New York City police officer tries to save his estranged wife and several others taken hostage by terrorists during a Christmas party at the Nakatomi Plaza in Los Angeles."
43,V for Vendetta,(2005),15+,132 min,"Action, Drama, Sci-Fi",8.2,"
In a future British dystopian society, a shadowy freedom fighter, known only by the alias of ""V"", plots to overthrow the tyrannical government - with the help of a young woman."
44,Warrior,(2011),PG-13,140 min,"Action, Drama, Sport",8.2,"
The youngest son of an alcoholic former boxer returns home, where he's trained by his father for competition in a mixed martial arts tournament - a path that puts the fighter on a collision course with his estranged, older brother."
45,Kimetsu no Yaiba: Mugen Ressha-Hen,(2020),16+,117 min,"Animation, Action, Adventure",8.2,"
After his family was brutally murdered and his sister turned into a demon, Tanjiro Kamado's journey as a demon slayer began. Tanjiro and his comrades embark on a new mission aboard the Mugen Train, on track to despair."
46,Ran,(1985),7+,162 min,"Action, Drama, War",8.2,"
In Medieval Japan, an elderly warlord retires, handing over his empire to his three sons. However, he vastly underestimates how the new-found power will corrupt them and cause them to turn on each other...and him."
47,Yôjinbô,(1961),---,110 min,"Action, Drama, Thriller",8.2,"
A crafty ronin comes to a town divided by two criminal gangs and decides to play them against each other to free the town."
48,Rangasthalam,(2018),---,170 min,"Action, Drama",8.2,"
Chitti Babu begins to suspect his elder brother's life is in danger after they team up to lock horns with their village president and overthrow his unlawful 30 year old regime."
49,K.G.F: Chapter 1,(2018),---,156 min,"Action, Crime, Drama",8.2,"
In the 1970s, a gangster goes undercover as a slave to assassinate the owner of a notorious gold mine."
50,Baahubali 2: The Conclusion,(2017),---,167 min,"Action, Drama",8.2,"
When Shiva, the son of Bahubali, learns about his heritage, he begins to look for answers. His story is juxtaposed with past events that unfolded in the Mahishmati Kingdom."
51,Gangs of Wasseypur,(2012),---,321 min,"Action, Comedy, Crime",8.2,"
A clash between Sultan and Shahid Khan leads to the expulsion of Khan from Wasseypur, and ignites a deadly blood feud spanning three generations."
52,Sherlock Jr.,(1924),---,45 min,"Action, Comedy, Romance",8.2,"
A film projectionist longs to be a detective, and puts his meagre skills to work when he is framed by a rival for stealing his girlfriend's father's pocketwatch."
53,Vikram Vedha,(2017),---,147 min,"Action, Crime, Drama",8.2,"
Vikram, a no-nonsense police officer, accompanied by Simon, his partner, is on the hunt to capture Vedha, a smuggler and a murderer. Vedha tries to change Vikram's life, which leads to a conflict."
54,Dag II,(2016),13+,135 min,"Action, Drama, War",8.2,"
In a desolate war zone where screams of the innocent echo, seven Maroon Berets will dance with death on the very line between disaster and valor."
55,Uri: The Surgical Strike,(2019),---,138 min,"Action, Drama, History",8.2,"
Indian army special forces execute a covert operation, avenging the killing of fellow army men at their base by a terrorist group."
56,Paan Singh Tomar,(2012),---,135 min,"Action, Biography, Crime",8.2,"
The story of Paan Singh Tomar, an Indian athlete and seven-time national steeplechase champion who becomes one of the most feared dacoits in Chambal Valley after his retirement."
57,Mad Max: Fury Road,(2015),15+,120 min,"Action, Adventure, Sci-Fi",8.1,"
In a post-apocalyptic wasteland, a woman rebels against a tyrannical ruler in search for her homeland with the aid of a group of female prisoners, a psychotic worshiper and a drifter named Max."
58,Pirates of the Caribbean: The Curse of the Black Pearl,(2003),13+,143 min,"Action, Adventure, Fantasy",8.1,"
Blacksmith Will Turner teams up with eccentric pirate ""Captain"" Jack Sparrow to save his love, the governor's daughter, from Jack's former pirate allies, who are now undead."
59,Blade Runner,(1982),18+,117 min,"Action, Drama, Sci-Fi",8.1,"
A blade runner must pursue and terminate four replicants who stole a ship in space and have returned to Earth to find their creator."
60,The Terminator,(1984),15+,107 min,"Action, Sci-Fi",8.1,"
A human soldier is sent from 2029 to 1984 to stop an almost indestructible cyborg killing machine, sent from the same year, which has been programmed to execute a young woman whose unborn son is the key to humanity's future salvation."
61,Ford v Ferrari,(2019),10A,152 min,"Action, Biography, Drama",8.1,"
American car designer Carroll Shelby and driver Ken Miles battle corporate interference and the laws of physics to build a revolutionary race car for Ford in order to defeat Ferrari at the 24 Hours of Le Mans in 1966."
62,How to Train Your Dragon,(2010),7+,98 min,"Animation, Action, Adventure",8.1,"
A hapless young Viking who aspires to hunt dragons becomes the unlikely friend of a young dragon himself, and learns there may be more to the creatures than he assumed."
63,Logan,(2017),15+,137 min,"Action, Drama, Sci-Fi",8.1,"
In a future where mutants are nearly extinct, an elderly and weary Logan leads a quiet life. But when Laura, a mutant child pursued by scientists, comes to him for help, he must get her to safety."
64,"Lock, Stock and Two Smoking Barrels",(1998),18+,107 min,"Action, Comedy, Crime",8.1,"
Eddy persuades his three pals to pool money for a vital poker game against a powerful local mobster, Hatchet Harry. Eddy loses, after which Harry gives him a week to pay back 500,000 pounds."
65,Rush,(I) (2013),13+,123 min,"Action, Biography, Drama",8.1,"
The merciless 1970s rivalry between Formula One rivals James Hunt and Niki Lauda."
66,The Iron Giant,(1999),G,86 min,"Animation, Action, Adventure",8.1,"
A young boy befriends a giant robot from outer space that a paranoid government agent wants to destroy."
67,"Shin seiki Evangelion Gekijô-ban: Air/Magokoro wo, kimi ni",(1997),18+,87 min,"Animation, Action, Drama",8.1,"
Concurrent theatrical ending of the TV series Shin seiki evangerion (1995)."
68,Bajrangi Bhaijaan,(2015),7+,163 min,"Action, Adventure, Comedy",8.1,"
An Indian man with a magnanimous heart takes a young mute Pakistani girl back to her homeland to reunite her with her family."
69,White Heat,(1949),---,114 min,"Action, Crime, Drama",8.1,"
A psychopathic criminal with a mother complex makes a daring break from prison and leads his old gang in a chemical plant payroll heist."
70,The General,(1926),---,67 min,"Action, Adventure, Comedy",8.1,"
After being rejected by the Confederate military, not realizing it was due to his crucial civilian role, an engineer must single-handedly recapture his beloved locomotive after it is seized by Union spies and return it through enemy lines."
71,Kakushi-toride no san-akunin,(1958),---,139 min,"Action, Adventure, Drama",8.1,"
Lured by gold, two greedy peasants unknowingly escort a princess and her general across enemy lines."
72,A Wednesday,(2008),---,104 min,"Action, Crime, Drama",8.1,"
A retiring police officer reminisces about the most astounding day of his career. About a case that was never filed but continues to haunt him in his memories - the case of a man and a Wednesday."
73,Major,(2022),16+,150 min,"Action, Biography, Drama",8.1,"
Based on the life of Major Sandeep Unnikrishnan, who was martyred in action during the November 2008 Mumbai attacks and was consequently awarded the Ashoka Chakra, India's highest peacetime gallantry award, on 26 January 2009."
74,Sarfarosh,(1999),---,174 min,"Action, Drama, Thriller",8.1,"
After his brother is killed and father severely injured by terrorists, a young med student quits his studies to join the Indian Police Service to wipe out the terrorists."
75,Sholay,(1975),---,204 min,"Action, Adventure, Comedy",8.1,"
After his family is murdered by a notorious and ruthless bandit, a former police officer enlists the services of two outlaws to capture the bandit."
76,Hera Pheri,(2000),---,156 min,"Action, Comedy, Crime",8.1,"
Three unemployed men look for answers to all their money problems - but when their opportunity arrives, will they know what to do with it?"
77,Kaththi,(2014),---,166 min,"Action, Drama",8.1,"
A case of mistaken identity embroils an escaped convict in a fight against a large corporation intent on seizing a village's land."
78,Thuppakki,(2012),---,165 min,"Action, Thriller",8.1,"
An army captain is on a mission to track down and destroy a terrorist gang and deactivate the sleeper cells under its command."
79,Dune: Part One,(2021),13+,155 min,"Action, Adventure, Drama",8.0,"
A noble family becomes embroiled in a war for control over the galaxy's most valuable asset while its heir becomes troubled by visions of a dark future."
80,Blade Runner 2049,(2017),15+,164 min,"Action, Drama, Mystery",8.0,"
Young Blade Runner K's discovery of a long-buried secret leads him to track down former Blade Runner Rick Deckard, who's been missing for thirty years."
81,Guardians of the Galaxy,(2014),13+,121 min,"Action, Adventure, Comedy",8.0,"
A group of intergalactic criminals must pull together to stop a fanatical warrior with plans to purge the universe."
82,Deadpool,(2016),15+,108 min,"Action, Comedy",8.0,"
A wisecracking mercenary gets experimented on and becomes immortal but ugly, and sets out to track down the man who ruined his looks."
83,The Avengers,(2012),7+,143 min,"Action, Sci-Fi",8.0,"
Earth's mightiest heroes must come together and learn to fight as a team if they are going to stop the mischievous Loki and his alien army from enslaving humanity."
84,Zack Snyder's Justice League,(2021),16+,242 min,"Action, Adventure, Fantasy",8.0,"
Determined to ensure that Superman's ultimate sacrifice wasn't in vain, Bruce Wayne recruits a team of metahumans to protect the world from an approaching threat of catastrophic proportions."
85,The Incredibles,(2004),G,115 min,"Animation, Action, Adventure",8.0,"
While trying to lead a quiet suburban life, a family of undercover superheroes are forced into action to save the world."
86,Casino Royale,(2006),13A,144 min,"Action, Adventure, Thriller",8.0,"
After earning 00 status and a licence to kill, secret agent James Bond sets out on his first mission as 007. Bond must defeat a private banker funding terrorists in a high-stakes game of poker at Casino Royale, Montenegro."
87,The Revenant,(2015),15+,156 min,"Action, Adventure, Drama",8.0,"
A frontiersman on a fur trading expedition in the 1820s fights for survival after being mauled by a bear and left for dead by members of his own hunting team."
88,The Bourne Ultimatum,(2007),13+,115 min,"Action, Mystery, Thriller",8.0,"
Jason Bourne dodges a ruthless C.I.A. official and his Agents from a new assassination program while searching for the origins of his life as a trained killer."
89,Kill Bill: Vol. 2,(2004),18+,137 min,"Action, Crime, Thriller",8.0,"
The Bride continues her quest of vengeance against her former boss and lover Bill, the reclusive bouncer Budd, and the treacherous, one-eyed Elle."
90,Akira,(1988),R,124 min,"Animation, Action, Drama",8.0,"
A secret military project endangers Neo-Tokyo when it turns a biker gang member into a rampaging psychic psychopath who can only be stopped by a teenager, his gang of biker friends and a group of psychics."
91,Ip Man,(2008),R,106 min,"Action, Biography, Drama",8.0,"
During the Japanese invasion of China, a wealthy martial artist is forced to leave his home when his city is occupied. With little means of providing for themselves, Ip Man and the remaining members of the city must find a way to survive."
92,Bãhubali: The Beginning,(2015),16+,159 min,"Action, Drama",8.0,"
In ancient India, an adventurous and daring man becomes involved in a decades-old feud between two warring peoples."
93,WolfWalkers,(2020),PG,103 min,"Animation, Action, Adventure",8.0,"
A young apprentice hunter and her father journey to Ireland to help wipe out the last wolf pack. But everything changes when she befriends a free-spirited girl from a mysterious tribe rumored to transform into wolves by night."
94,Mou gaan dou,(2002),R,101 min,"Action, Crime, Drama",8.0,"
A story between a mole in the police department and an undercover cop. Their objectives are the same: to find out who is the mole, and who is the cop."
95,Tropa de Elite,(2007),R,115 min,"Action, Crime, Drama",8.0,"
In 1997 Rio de Janeiro, Captain Nascimento has to find a substitute for his position while trying to take down drug dealers and criminals before the Pope visits."
96,Tropa de Elite 2: O Inimigo Agora é Outro,(2010),---,115 min,"Action, Crime, Drama",8.0,"
After a prison riot, former-Captain Nascimento, now a high ranking security officer in Rio de Janeiro, is swept into a bloody political dispute that involves government officials and paramilitary groups."
97,Taegukgi hwinalrimyeo,(2004),R,140 min,"Action, Drama, War",8.0,"
When two brothers are forced to fight in the Korean War, the elder decides to take the riskiest missions if it will help shield the younger from battle."
98,Haider,(2014),---,160 min,"Action, Crime, Drama",8.0,"
A young man returns to Kashmir after his father's disappearance to confront his uncle, whom he suspects of playing a role in his father's fate."
99,Sanjuro,(1962),---,96 min,"Action, Drama, Thriller",8.0,"
A crafty samurai helps a young man and his fellow clansmen trying to save his uncle, who has been framed and imprisoned by a corrupt superintendent."
100,Karthikeya 2,(2022),---,150 min,"Action, Adventure, Fantasy",8.0,"
A sequel to mystic thriller Karthikeya (2014), which deals with the personal problems of Karthik and how he comes out of them. His pursuit of the truth leads him to find out the power of Indian ancient system and Tatva of Lord Sri Krishna."
101,Andaz Apna Apna,(1994),---,160 min,"Action, Comedy, Romance",8.0,"
Two slackers competing for the affections of an heiress inadvertently become her protectors from an evil criminal."
102,Arjun Reddy,(2017),---,182 min,"Action, Drama, Romance",8.0,"
Arjun Reddy, a short tempered house surgeon gets used to drugs and drinks when his girlfriend is forced to marry another person."
103,Nefes: Vatan Sagolsun,(2009),13+,128 min,"Action, Drama, Thriller",8.0,"
Story of 40-man Turkish task force who must defend a relay station."
104,1 - Nenokkadine,(2014),---,170 min,"Action, Thriller",8.0,"
A rock star must overcome his psychological inhibitions to seek revenge for his parents' death."
105,Everything Everywhere All at Once,(2022),13+,139 min,"Action, Adventure, Comedy",7.9,"
A middle-aged Chinese immigrant is swept up into an insane adventure in which she alone can save existence by exploring other universes and connecting with the lives she could have led."
106,Avatar,(2009),13+,162 min,"Action, Adventure, Fantasy",7.9,"
A paraplegic Marine dispatched to the moon Pandora on a unique mission becomes torn between following his orders and protecting the world he feels is his home."
107,The Bourne Identity,(2002),13+,119 min,"Action, Mystery, Thriller",7.9,"
A man is picked up by a fishing boat, bullet-riddled and suffering from amnesia, before racing to elude assassins and attempting to regain his memory."
108,Iron Man,(2008),13+,126 min,"Action, Adventure, Sci-Fi",7.9,"
After being held captive in an Afghan cave, billionaire engineer Tony Stark creates a unique weaponized suit of armor to fight evil."
109,Edge of Tomorrow,(2014),13A,113 min,"Action, Adventure, Sci-Fi",7.9,"
A soldier fighting aliens gets to relive the same day over and over again, the day restarting every time he dies."
110,Star Trek,(2009),16+,127 min,"Action, Adventure, Sci-Fi",7.9,"
The brash James T. Kirk tries to live up to his father's legacy with Mr. Spock keeping him in check as a vengeful Romulan from the future creates black holes to destroy the Federation one planet at a time."
111,Children of Men,(2006),13+,109 min,"Action, Drama, Sci-Fi",7.9,"
In 2027, in a chaotic world in which women have somehow become infertile, a former activist agrees to help transport a miraculously pregnant woman to a sanctuary at sea."
112,District 9,(2009),15+,112 min,"Action, Sci-Fi, Thriller",7.9,"
Violence ensues after an extraterrestrial race forced to live in slum-like conditions on Earth finds a kindred spirit in a government agent exposed to their biotechnology."
113,Thor: Ragnarok,(2017),13A,130 min,"Action, Adventure, Comedy",7.9,"
Imprisoned on the planet Sakaar, Thor must race against time to return to Asgard and stop Ragnarök, the destruction of his world, at the hands of the powerful and ruthless villain Hela."
114,X-Men: Days of Future Past,(2014),13A,132 min,"Action, Adventure, Sci-Fi",7.9,"
The X-Men send Wolverine to the past in a desperate effort to change history and prevent an event that results in doom for both humans and mutants."
115,The Blues Brothers,(1980),G,133 min,"Action, Adventure, Comedy",7.9,"
Jake Blues rejoins with his brother Elwood after being released from prison, but the duo has just days to reunite their old R&B band and save the Catholic home where the two were raised, outrunning the police as they tear through Chicago."
116,The Wild Bunch,(1969),---,145 min,"Action, Adventure, Drama",7.9,"
An aging group of outlaws look for one last big score as the ""traditional"" American West is disappearing around them."
117,Wo hu cang long,(2000),16+,120 min,"Action, Adventure, Drama",7.9,"
A young Chinese warrior steals a sword from a famed swordsman and then escapes into a world of romantic adventure with a mysterious man in the frontier of the nation."
118,Per un pugno di dollari,(1964),R,99 min,"Action, Drama, Western",7.9,"
A wandering gunfighter plays two rival families against each other in a town torn apart by greed, pride, and revenge."
119,Serbuan maut 2: Berandal,(2014),18+,150 min,"Action, Crime, Thriller",7.9,"
Only a short time after the first raid, Rama goes undercover with the thugs of Jakarta and plans to bring down the syndicate and uncover the corruption within his police force."
120,Kôkaku kidôtai,(1995),13+,83 min,"Animation, Action, Crime",7.9,"
A cyborg policewoman and her partner hunt a mysterious and powerful hacker called the Puppet Master."
121,Letters from Iwo Jima,(2006),R,141 min,"Action, Adventure, Drama",7.9,"
The story of the battle of Iwo Jima between the United States and Imperial Japan during World War II, as told from the perspective of the Japanese who fought it."
122,Ying xiong,(2002),PG-13,120 min,"Action, Adventure, Drama",7.9,"
A defense officer, Nameless, was summoned by the King of Qin regarding his success of terminating three warriors."
123,Taeksi woonjunsa,(2017),---,137 min,"Action, Drama, History",7.9,"
A widowed father and taxi driver who drives a German reporter from Seoul to Gwangju to cover the 1980 uprising, soon finds himself regretting his decision after being caught in the violence around him."
124,The Adventures of Robin Hood,(1938),PG,102 min,"Action, Adventure, Romance",7.9,"
When Prince John and the Norman Lords begin oppressing the Saxon masses in King Richard's absence in 1190s England, a Saxon lord fights back as the outlaw leader of a resistance movement."
125,Baby,(I) (2015),---,159 min,"Action, Crime, Thriller",7.9,"
An elite counter-intelligence unit learns of a plot, masterminded by a maniacal madman. With the clock ticking, it's up to them to track the terrorists' international tentacles and prevent them from striking at the heart of India."
126,Airlift,(2016),---,130 min,"Action, Drama, History",7.9,"
When Iraq invades Kuwait in August 1990, a callous Indian businessman becomes the spokesperson for more than 170,000 stranded countrymen."
127,Vishwaroopam,(2013),---,148 min,"Action, Thriller",7.9,"
When a classical dancer's suspecting wife sets an investigator behind him, a series of violent events are triggered, revealing his real identity and connection to a darker world."
128,The Batman,(2022),13+,176 min,"Action, Crime, Drama",7.8,"
When a sadistic serial killer begins murdering key political figures in Gotham, Batman is forced to investigate the city's hidden corruption and question his family's involvement."
129,Im Westen nichts Neues,(2022),18+,148 min,"Action, Drama, War",7.8,"
A young German soldier's terrifying experiences and distress on the western front during World War I."
130,The Gentlemen,(2019),16+,113 min,"Action, Comedy, Crime",7.8,"
An American expat tries to sell off his highly profitable marijuana empire in London, triggering plots, schemes, bribery and blackmail in an attempt to steal his domain out from under him."
131,RRR (Rise Roar Revolt),(2022),18+,187 min,"Action, Drama",7.8,"
A fictitious story about two legendary revolutionaries and their journey away from home before they started fighting for their country in the 1920s."
132,The Fugitive,(1993),13A,130 min,"Action, Crime, Drama",7.8,"
Dr. Richard Kimble, unjustly accused of murdering his wife, must find the real killer while being the target of a nationwide manhunt led by a seasoned U.S. Marshal."
133,Rogue One,(2016),13A,133 min,"Action, Adventure, Sci-Fi",7.8,"
In a time of conflict, a group of unlikely heroes band together on a mission to steal the plans to the Death Star, the Empire's ultimate weapon of destruction."
134,Drive,(I) (2011),18+,100 min,"Action, Drama",7.8,"
A mysterious Hollywood action film stuntman gets in trouble with gangsters when he tries to help his neighbor's husband rob a pawn shop while serving as his getaway driver."
135,Star Wars: Episode VII - The Force Awakens,(2015),13A,138 min,"Action, Adventure, Sci-Fi",7.8,"
As a new threat to the galaxy rises, Rey, a desert scavenger, and Finn, an ex-stormtrooper, must join Han Solo and Chewbacca to search for the one hope of restoring peace."
136,Dunkirk,(2017),13+,106 min,"Action, Drama, History",7.8,"
Allied soldiers from Belgium, the British Commonwealth and Empire, and France are surrounded by the German Army and evacuated during a fierce battle in World War II."
137,Apocalypto,(2006),18+,139 min,"Action, Adventure, Drama",7.8,"
As the Mayan kingdom faces its decline, a young man is taken on a perilous journey to a world ruled by fear and oppression."
138,Ghostbusters,(1984),13+,105 min,"Action, Comedy, Fantasy",7.8,"
Three parapsychologists forced out of their university funding set up shop as a unique ghost removal service in New York City, attracting frightened yet skeptical customers."
139,Hot Fuzz,(2007),18+,121 min,"Action, Comedy, Mystery",7.8,"
A skilled London police officer, after irritating superiors with his embarrassing effectiveness, is transferred to a village where the easygoing officers object to his fervor for regulations, as a string of grisly murders strikes the town."
140,Predator,(1987),18+,107 min,"Action, Adventure, Horror",7.8,"
A team of commandos on a mission in a Central American jungle find themselves hunted by an extraterrestrial warrior."
141,Captain America: Civil War,(2016),13+,147 min,"Action, Sci-Fi",7.8,"
Political involvement in the Avengers' affairs causes a rift between Captain America and Iron Man."
142,Taken,(I) (2008),13+,90 min,"Action, Crime, Thriller",7.8,"
A retired CIA agent travels across Europe and relies on his old skills to save his estranged daughter, who has been kidnapped while on a trip to Paris."
143,The Last Samurai,(2003),15+,154 min,"Action, Drama",7.8,"
An American military advisor embraces the Samurai culture he was hired to destroy after he is captured in battle."
144,Skyfall,(2012),13A,143 min,"Action, Adventure, Thriller",7.8,"
James Bond's loyalty to M is tested when her past comes back to haunt her. When MI6 comes under attack, 007 must track down and destroy the threat, no matter how personal the cost."
145,Captain America: The Winter Soldier,(2014),7A,136 min,"Action, Adventure, Sci-Fi",7.8,"
As Steve Rogers struggles to embrace his role in the modern world, he teams up with a fellow Avenger and S.H.I.E.L.D agent, Black Widow, to battle a new threat from history: an assassin known as the Winter Soldier."
146,Ang-ma-reul bo-at-da,(2010),18+,144 min,"Action, Crime, Drama",7.8,"
A secret agent exacts revenge on a serial killer through a series of captures and releases."
147,Thirteen Lives,(2022),16+,147 min,"Action, Adventure, Biography",7.8,"
A rescue mission is assembled in Thailand where a group of young boys and their soccer coach are trapped in a system of underground caves that are flooding."
148,Serenity,(2005),16+,119 min,"Action, Adventure, Sci-Fi",7.8,"
The crew of the ship Serenity try to evade an assassin sent to recapture telepath River."
149,Big Hero 6,(2014),G,102 min,"Animation, Action, Adventure",7.8,"
A special bond develops between plus-sized inflatable robot Baymax and prodigy Hiro Hamada, who together team up with a group of friends to form a band of high-tech heroes."
150,How to Train Your Dragon 2,(2014),G,102 min,"Animation, Action, Adventure",7.8,"
When Hiccup and Toothless discover an ice cave that is home to hundreds of new wild dragons and the mysterious Dragon Rider, the two friends find themselves at the center of a battle to protect the peace."
151,The Fighter,(I) (2010),15+,116 min,"Action, Biography, Drama",7.8,"
Based on the story of Micky Ward, a fledgling boxer who tries to escape the shadow of his more famous but troubled older boxing brother and get his own shot at greatness."
152,Captain Phillips,(2013),18+,134 min,"Action, Biography, Crime",7.8,"
The true story of Captain Richard Phillips and the 2009 hijacking by Somali pirates of the U.S.-flagged MV Maersk Alabama, the first American cargo ship to be hijacked in two hundred years."
153,Chugyeokja,(2008),18+,125 min,"Action, Crime, Drama",7.8,"
A disgraced ex-policeman who runs a small ring of prostitutes finds himself in a race against time when one of his women goes missing."
154,"Aguirre, der Zorn Gottes",(1972),---,95 min,"Action, Adventure, Biography",7.8,"
In the 16th century, the ruthless and insane Don Lope de Aguirre leads a Spanish expedition in search of El Dorado."
155,Jûbê ninpûchô,(1993),---,94 min,"Animation, Action, Adventure",7.8,"
A vagabond swordsman is aided by a kunoichi and a spy in battling a demonic clan of killers - led by a ghost from his past - who are bent on overthrowing the Tokugawa Shogunate."
156,Batman: Mask of the Phantasm,(1993),PG,76 min,"Animation, Action, Adventure",7.8,"
Batman is wrongly implicated in a series of murders of mob bosses actually done by a new vigilante assassin."
157,Cowboy Bebop: Tengoku no tobira,(2001),---,115 min,"Animation, Action, Crime",7.8,"
A terrorist explosion releases a deadly virus on the masses, and it's up to the bounty-hunting Bebop crew to catch the cold-blooded culprit."
158,Dip huet seung hung,(1989),R,111 min,"Action, Crime, Drama",7.8,"
A disillusioned assassin accepts one last hit in hopes of using his earnings to restore vision to a singer he accidentally blinded."
159,Knockin' on Heaven's Door,(1997),---,87 min,"Action, Crime, Comedy",7.8,"
Two terminally ill patients escape from a hospital, steal a car and rush towards the sea."
160,Minnal Murali,(2021),13+,158 min,"Action, Comedy, Drama",7.8,"
An unusual event creates a lightning which in turns gives superhuman abilies to an ambitious tailor ,whose responsibility is now to protect his home village from the evil plans of the antagonist."
161,Avatar: The Way of Water,(2022),13+,192 min,"Action, Adventure, Fantasy",7.7,"
Jake Sully lives with his newfound family formed on the extrasolar moon Pandora. Once a familiar threat returns to finish what was previously started, Jake must work with Neytiri and the army of the Na'vi race to protect their home."
162,Mission: Impossible - Fallout,(2018),13+,147 min,"Action, Adventure, Thriller",7.7,"
Ethan Hunt and his IMF team, along with some familiar allies, race against time after a mission gone wrong."
163,Kingsman: The Secret Service,(2014),15+,129 min,"Action, Adventure, Comedy",7.7,"
A spy organisation recruits a promising street kid into the agency's training program, while a global threat emerges from a twisted tech genius."
164,Man on Fire,(2004),18+,146 min,"Action, Crime, Drama",7.7,"
In Mexico City, a former CIA operative swears vengeance on those who committed an unspeakable act against the family he was hired to protect."
165,Bonnie and Clyde,(1967),13+,111 min,"Action, Biography, Crime",7.7,"
Bored waitress Bonnie Parker falls in love with an ex-con named Clyde Barrow and together they start a violent crime spree through the country, stealing cars and robbing banks."
166,Black Hawk Down,(2001),G,144 min,"Action, Drama, History",7.7,"
The story of 160 elite U.S. soldiers who dropped into Mogadishu in October 1993 to capture two top lieutenants of a renegade warlord, but found themselves in a desperate battle with a large force of heavily armed Somalis."
167,The Count of Monte Cristo,(2002),PG-13,131 min,"Action, Adventure, Drama",7.7,"
A young man, falsely imprisoned by his jealous ""friend"", escapes and uses a hidden treasure to exact his revenge."
168,The Bourne Supremacy,(2004),13+,108 min,"Action, Mystery, Thriller",7.7,"
When Jason Bourne is framed for a CIA operation gone awry, he is forced to resume his former life as a trained assassin to survive."
169,The Lego Movie,(2014),G,100 min,"Animation, Action, Adventure",7.7,"
An ordinary LEGO construction worker, thought to be the prophesied as ""special"", is recruited to join a quest to stop an evil tyrant from gluing the LEGO universe into eternal stasis."
170,The Magnificent Seven,(1960),7+,128 min,"Action, Adventure, Drama",7.7,"
Seven gunfighters are hired by Mexican peasants to liberate their village from oppressive bandits."
171,X: First Class,(2011),13+,131 min,"Action, Sci-Fi",7.7,"
In the 1960s, superpowered humans Charles Xavier and Erik Lensherr work together to find others like them, but Erik's vengeful pursuit of an ambitious mutant who ruined his life causes a schism to divide them."
172,The Last of the Mohicans,(1992),18+,112 min,"Action, Adventure, Drama",7.7,"
Three trappers protect the daughters of a British Colonel in the midst of the French and Indian War."
173,First Blood,(1982),18+,93 min,"Action, Adventure, Thriller",7.7,"
A veteran Green Beret is forced by a cruel Sheriff and his deputies to flee into the mountains and wage an escalating one-man war against his pursuers."
174,Training Day,(2001),18+,122 min,"Action, Crime, Drama",7.7,"
A rookie cop spends his first day as a Los Angeles narcotics officer with a rogue detective who isn't what he appears to be."
175,The Boondock Saints,(1999),18+,108 min,"Action, Thriller",7.7,"
Two Irish Catholic brothers become vigilantes and wipe out Boston's criminal underworld in the name of God."
176,Dirty Harry,(1971),---,102 min,"Action, Crime, Thriller",7.7,"
When a man calling himself ""the Scorpio Killer"" menaces San Francisco, tough-as-nails Police Inspector ""Dirty"" Harry Callahan is assigned to track down the crazed psychopath."
177,3:10 to Yuma,(2007),15+,122 min,"Action, Crime, Drama",7.7,"
A small-time rancher agrees to hold a captured outlaw who's awaiting a train to go to court in Yuma. A battle of wills ensues as the outlaw tries to psych out the rancher."
178,Star Trek Into Darkness,(2013),13+,132 min,"Action, Adventure, Sci-Fi",7.7,"
After the crew of the Enterprise find an unstoppable force of terror from within their own organization, Captain Kirk leads a manhunt to a war-zone world to capture a one-man weapon of mass destruction."
179,Star Trek II: The Wrath of Khan,(1982),PG,113 min,"Action, Adventure, Sci-Fi",7.7,"
With the assistance of the Enterprise crew, Admiral Kirk must stop an old nemesis, Khan Noonien Singh, from using the life-generating Genesis Device as the ultimate weapon."
180,The French Connection,(1971),18+,104 min,"Action, Crime, Drama",7.7,"
A pair of NYPD detectives in the Narcotics Bureau stumble onto a heroin smuggling ring based in Marseilles, but stopping them and capturing their leaders proves an elusive goal."
181,Kung fu,(2004),R,99 min,"Action, Comedy, Fantasy",7.7,"
In Shanghai, China in the 1940s, a wannabe gangster aspires to join the notorious ""Axe Gang"" while residents of a housing complex exhibit extraordinary powers in defending their turf."
182,Goldfinger,(1964),7A,110 min,"Action, Adventure, Thriller",7.7,"
While investigating a gold magnate's smuggling, James Bond uncovers a plot to contaminate the Fort Knox gold reserve."
183,Lola rennt,(1998),15+,81 min,"Action, Crime, Thriller",7.7,"
After a botched money delivery, Lola has 20 minutes to come up with 100,000 Deutschmarks."
184,Kubo and the Two Strings,(2016),7+,101 min,"Animation, Action, Adventure",7.7,"
A young boy named Kubo must locate a magical suit of armour worn by his late father in order to defeat a vengeful spirit from the past."
185,The Dirty Dozen,(1967),---,150 min,"Action, Adventure, War",7.7,"
During World War II, a rebellious U.S. Army Major is assigned a dozen convicted murderers to train and lead them into a mass assassination mission of German officers."
186,The Longest Day,(1962),---,178 min,"Action, Drama, History",7.7,"
The events of D-Day, told on a grand scale from both the Allied and German points of view."
187,Key Largo,(1948),---,100 min,"Action, Crime, Drama",7.7,"
A man visits his war buddy's family hotel and finds a gangster running things. As a hurricane approaches, the two end up confronting each other."
188,Badlands,(1973),---,94 min,"Action, Crime, Drama",7.7,"
An impressionable teenage girl from a dead-end town, and her older greaser boyfriend, embark on a killing spree in the South Dakota Badlands."
189,Doragon bôru chô: Burorî,(2018),13A,100 min,"Animation, Action, Adventure",7.7,"
Goku and Vegeta encounter Broly, a Saiyan warrior unlike any fighter they've faced before."
190,Ponniyin Selvan: I,(2022),16+,167 min,"Action, Adventure, Drama",7.7,"
Vandiyathevan sets out to cross the Chola land to deliver a message from the Crown Prince Aditha Karikalan. Kundavai attempts to establish political peace as vassals and petty chieftains plot against the throne. Unrest grips the land as a long-tailed comet arrives, signalling a time of turmoil."
191,Ajeossi,(2010),R,119 min,"Action, Crime, Drama",7.7,"
A quiet pawnshop keeper with a violent past takes on a drug-and-organ trafficking ring in hope of saving the child who is his only friend."
192,Lat sau san taam,(1992),R,128 min,"Action, Crime, Thriller",7.7,"
A tough-as-nails cop teams up with an undercover agent to shut down a sinister mobster and his crew."
193,Scarface,(1932),---,93 min,"Action, Crime, Drama",7.7,"
An ambitious and nearly insane violent gangster climbs the ladder of success in the mob, but his weaknesses prove to be his downfall."
194,Gongdong gyeongbi guyeok JSA,(2000),---,110 min,"Action, Drama, Thriller",7.7,"
After a shooting incident at the North/South Korean border/DMZ leaves 2 North Korean soldiers dead, a neutral Swiss/Swedish team investigates, what actually happened."
195,Eega,(2012),---,145 min,"Action, Comedy, Drama",7.7,"
A murdered man is reincarnated as a housefly and seeks to avenge his death."
196,Udta Punjab,(2016),---,148 min,"Action, Crime, Drama",7.7,"
A story that revolves around drug abuse in the affluent north Indian State of Punjab and how the youth there have succumbed to it en-masse resulting in a socio-economic decline."
197,Raazi,(2018),---,138 min,"Action, Drama, Thriller",7.7,"
A Kashmiri woman agrees to marry a Pakistani army officer in order to spy on Pakistan during the Indo-Pakistan War of 1971."
198,Dungeons & Dragons: Honor Among Thieves,(2023),PG-13,134 min,"Action, Adventure, Comedy",7.6,"
A charming thief and a band of unlikely adventurers embark on an epic quest to retrieve a lost relic, but things go dangerously awry when they run afoul of the wrong people."
199,The Fifth Element,(1997),7+,126 min,"Action, Adventure, Sci-Fi",7.6,"
In the colorful future, a cab driver unwittingly becomes the central figure in the search for a legendary cosmic weapon to keep Evil and Mr. Zorg at bay."
200,Creed,(II) (2015),13+,133 min,"Action, Drama, Sport",7.6,"
The former World Heavyweight Champion Rocky Balboa serves as a trainer and mentor to Adonis Johnson, the son of his late friend and former rival Apollo Creed."
201,Sicario,(2015),15+,121 min,"Action, Crime, Drama",7.6,"
An idealistic FBI agent is enlisted by a government task force to aid in the escalating war against drugs at the border area between the U.S. and Mexico."
202,Guardians of the Galaxy Vol. 2,(2017),13+,136 min,"Action, Adventure, Comedy",7.6,"
The Guardians struggle to keep together as a team while dealing with their personal family issues, notably Star-Lord's encounter with his father the ambitious celestial being Ego."
203,Deadpool 2,(2018),15+,119 min,"Action, Adventure, Comedy",7.6,"
Foul-mouthed mutant mercenary Wade Wilson (a.k.a. Deadpool) assembles a team of fellow mutant rogues to protect a young boy with supernatural abilities from the brutal, time-traveling cyborg Cable."
204,Baby Driver,(2017),15+,113 min,"Action, Crime, Drama",7.6,"
After being coerced into working for a crime boss, a young getaway driver finds himself taking part in a heist doomed to fail."
205,Star Wars: Episode III - Revenge of the Sith,(2005),7+,140 min,"Action, Adventure, Fantasy",7.6,"
Three years into the Clone Wars, Obi-Wan pursues a new threat, while Anakin is lured by Chancellor Palpatine into a sinister plot to rule the galaxy."
206,Watchmen,(2009),18+,162 min,"Action, Drama, Mystery",7.6,"
In 1985 where former superheroes exist, the murder of a colleague sends active vigilante Rorschach into his own sprawling investigation, uncovering something that could completely change the course of history as we know it."
207,300,(2006),18+,117 min,"Action, Drama",7.6,"
King Leonidas of Sparta and a force of 300 men fight the Persians at Thermopylae in 480 B.C."
208,Zombieland,(2009),18+,88 min,"Action, Comedy, Horror",7.6,"
A shy student trying to reach his family in Ohio, a gun-toting bruiser in search of the last Twinkie and a pair of sisters striving to get to an amusement park join forces in a trek across a zombie-filled America."
209,Kick-Ass,(2010),15+,117 min,"Action, Comedy, Crime",7.6,"
Dave Lizewski is an unnoticed high school student and comic book fan who one day decides to become a superhero, even though he has no powers, training or meaningful reason to do so."
210,Rise of the Planet of the Apes,(2011),13+,105 min,"Action, Drama, Sci-Fi",7.6,"
A substance designed to help the brain repair itself gives advanced intelligence to a chimpanzee who leads an ape uprising."
211,Lethal Weapon,(1987),---,109 min,"Action, Crime, Thriller",7.6,"
Two newly paired cops who are complete opposites must put aside their differences in order to catch a gang of drug smugglers."
212,Harry Potter and the Half-Blood Prince,(2009),16+,153 min,"Action, Adventure, Family",7.6,"
As Harry Potter begins his sixth year at Hogwarts, he discovers an old book marked as ""the property of the Half-Blood Prince"" and begins to learn more about Lord Voldemort's dark past."
213,The Warriors,(1979),15A,93 min,"Action, Crime, Thriller",7.6,"
A street gang known as The Warriors must fight their way from the Bronx to their home turf on Coney Island when they are falsely accused of assassinating a respected gang leader."
214,Busanhaeng,(2016),15+,118 min,"Action, Horror, Thriller",7.6,"
While a zombie virus breaks out in South Korea, passengers struggle to survive on the train from Seoul to Busan."
215,Dawn of the Planet of the Apes,(2014),7+,130 min,"Action, Adventure, Drama",7.6,"
The fragile peace between apes and humans is threatened as mistrust and betrayal threaten to plunge both tribes into a war for dominance over the Earth."
216,Kung Fu Panda,(2008),7+,92 min,"Animation, Action, Adventure",7.6,"
To everyone's surprise, including his own, Po, an overweight, clumsy panda, is chosen as protector of the Valley of Peace. His suitability will soon be tested as the valley's arch-enemy is on his way."
217,RoboCop,(1987),13+,102 min,"Action, Crime, Sci-Fi",7.6,"
In a dystopic and crime-ridden Detroit, a terminally wounded cop returns to the force as a powerful cyborg haunted by submerged memories."
218,Sherlock Holmes,(2009),13+,128 min,"Action, Adventure, Mystery",7.6,"
Detective Sherlock Holmes and his stalwart partner Watson engage in a battle of wits and brawn with a nemesis whose plot is a threat to all of England."
219,Minority Report,(2002),16+,145 min,"Action, Crime, Mystery",7.6,"
In a future where a special police unit is able to arrest murderers before they commit their crimes, an officer from that unit is himself accused of a future murder."
220,Incredibles 2,(2018),G,118 min,"Animation, Action, Adventure",7.6,"
The Incredibles family takes on a new mission which involves a change in family roles: Bob Parr (Mr. Incredible) must manage the house while his wife Helen (Elastigirl) goes out to save the world."
221,Star Trek: First Contact,(1996),PG-13,111 min,"Action, Adventure, Drama",7.6,"
The Borg travel back in time intent on preventing Earth's first contact with an alien species. Captain Picard and his crew pursue them to ensure that Zefram Cochrane makes his maiden flight reaching warp speed."
222,Falling Down,(1993),R,113 min,"Action, Crime, Drama",7.6,"
An ordinary man frustrated with the various flaws he sees in society begins to psychotically and violently lash out against them."
223,Serbuan maut,(2011),18+,101 min,"Action, Crime, Thriller",7.6,"
A S.W.A.T. team becomes trapped in a tenement run by a ruthless mobster and his army of killers and thugs."
224,End of Watch,(2012),13+,109 min,"Action, Adventure, Crime",7.6,"
Shot documentary-style, this film follows the daily grind of two young police officers in LA who are partners and friends and what happens when they meet criminal forces greater than themselves."
225,Mad Max 2,(1981),15+,96 min,"Action, Adventure, Sci-Fi",7.6,"
In the post-apocalyptic Australian wasteland, a cynical drifter agrees to help a small, gasoline-rich community escape a horde of bandits."
226,Enter the Dragon,(1973),18+,102 min,"Action, Crime, Drama",7.6,"
A Shaolin martial artist travels to an island fortress to spy on an opium lord - who is also a former monk from his temple - under the guise of attending a fighting tournament."
227,Where Eagles Dare,(1968),M,158 min,"Action, Adventure, War",7.6,"
Allied agents stage a daring raid on a castle where the Nazis are holding American brigadier general George Carnaby prisoner, but that's not all that's really going on."
228,Die Hard with a Vengeance,(1995),13+,128 min,"Action, Adventure, Thriller",7.6,"
John McClane and a Harlem store owner are targeted by German terrorist Simon in New York City, where he plans to rob the Federal Reserve Building."
229,Only the Brave,(2017),13A,134 min,"Action, Biography, Drama",7.6,"
Based on the true story of the Granite Mountain Hotshots, a group of elite firefighters who risk everything to protect a town from a historic wildfire."
230,Batoru rowaiaru,(2000),18+,114 min,"Action, Adventure, Drama",7.6,"
In the future, the Japanese government captures a class of ninth-grade students and forces them to kill each other under the revolutionary ""Battle Royale"" act."
231,Hotel Mumbai,(2018),18+,123 min,"Action, Drama, History",7.6,"
The true story of the Taj Hotel terrorist attack in Mumbai. Hotel staff risk their lives to keep everyone safe as people make unthinkable sacrifices to protect themselves and their families."
232,Escape from Alcatraz,(1979),---,112 min,"Action, Biography, Crime",7.6,"
Alcatraz is the most secure prison of its time. It is believed that no one can ever escape from it, until three daring men make a possibly successful attempt at escaping from one of the most infamous prisons in the world."
233,United 93,(2006),R,111 min,"Action, Drama, History",7.6,"
A real-time account of the events on United Flight 93, one of the planes hijacked on September 11th, 2001 that crashed near Shanksville, Pennsylvania when passengers foiled the terrorist plot."
234,Pushpa: The Rise - Part 1,(2021),16+,179 min,"Action, Crime, Drama",7.6,"
A labourer rises through the ranks of a red sandal smuggling syndicate, making some powerful enemies in the process."
235,The Taking of Pelham One Two Three,(1974),---,104 min,"Action, Crime, Thriller",7.6,"
Four armed men hijack a New York City subway car and demand a ransom for the passengers. The city's police are faced with a conundrum: Even if it's paid, how could they get away?"
236,Huo Yuan Jia,(2006),PG-13,104 min,"Action, Biography, Drama",7.6,"
A biography of Chinese Martial Arts Master Huo Yuanjia, who is the founder and spiritual guru of the Jin Wu Sports Federation."
237,Vampire Hunter D: Bloodlust,(2000),R,103 min,"Animation, Action, Drama",7.6,"
A legendary dhampir competes with a motley family of bounty hunters to return a young woman, who has been seemingly abducted by a vampire, to her family."
238,Bakemono no ko,(2015),PG-13,119 min,"Animation, Action, Adventure",7.6,"
When a young orphaned boy living on the streets of Shibuya stumbles upon a fantastic world of beasts, he's taken in by a gruff warrior beast looking for an apprentice."
239,Celda 211,(2009),18+,113 min,"Action, Adventure, Crime",7.6,"
The story of two men on different sides of a prison riot -- the inmate leading the rebellion and the young guard trapped in the revolt, who poses as a prisoner in a desperate attempt to survive the ordeal."
240,Evangelion Shin Gekijôban: Jo,(2007),PG-13,98 min,"Animation, Action, Drama",7.6,"
The fate of the world is threatened by seemingly monstrous entities known as Angels. NERV is an organisation set up to counter this threat and it is up to young pilots to protect Earth but exactly what are the real motives behind NERV?"
241,Ludo,(2020),---,150 min,"Action, Comedy, Crime",7.6,"
From a resurfaced sex tape to a rogue suitcase of money, four wildly different stories overlap at the whims of fate, chance and one eccentric criminal."
242,Rupan sansei: Kariosutoro no shiro,(1979),---,100 min,"Animation, Action, Adventure",7.6,"
A dashing thief, his gang of desperadoes and an intrepid cop struggle to free a princess from an evil count, and learn the secret of a treasure that she holds part of the key to."
243,Ölümlü Dünya,(2018),15+,107 min,"Action, Comedy, Crime",7.6,"
Mermer Family lives a double life working at their family owned restaurant while being undercover assassins for an international organization. After their secret is revealed, this dysfunctional family needs to work together to survive."
244,Scott Pilgrim vs. the World,(2010),13+,112 min,"Action, Comedy, Fantasy",7.5,"
In a magically realistic version of Toronto, a young man must defeat his new girlfriend's seven evil exes one by one in order to win her heart."
245,The Hunger Games: Catching Fire,(2013),13+,146 min,"Action, Adventure, Sci-Fi",7.5,"
Katniss Everdeen and Peeta Mellark become targets of the Capitol after their victory in the 74th Hunger Games sparks a rebellion in the Districts of Panem."
246,Fury,(2014),15+,134 min,"Action, Drama, War",7.5,"
A grizzled tank commander makes tough decisions as he and his crew fight their way across Germany in April, 1945."
247,Indiana Jones and the Temple of Doom,(1984),7+,118 min,"Action, Adventure",7.5,"
In 1935, Indiana Jones is tasked by Indian villagers with reclaiming a rock stolen from them by a secret cult beneath the catacombs of an ancient palace."
248,Harry Potter and the Order of the Phoenix,(2007),13+,138 min,"Action, Adventure, Family",7.5,"
With their warning about Lord Voldemort's return scoffed at, Harry and Dumbledore are targeted by the Wizard authorities as an authoritarian bureaucrat slowly seizes power at Hogwarts."
249,Batman,(1989),13A,126 min,"Action, Adventure",7.5,"
The Dark Knight of Gotham City begins his war on crime with his first major enemy being Jack Napier, a criminal who becomes the clownishly homicidal Joker."
250,Total Recall,(1990),18+,113 min,"Action, Adventure, Sci-Fi",7.5,"
When a man goes in to have virtual vacation memories of the planet Mars implanted in his mind, an unexpected and harrowing series of events forces him to go to the planet for real - or is he?"
251,Munich,(2005),13+,164 min,"Action, Drama, History",7.5,"
After the Black September capture and massacre of Israeli athletes at the 1972 Olympics, five men are chosen to eliminate the people responsible for that fateful day."
252,The Crow - Die Krähe,(1994),16+,102 min,"Action, Crime, Drama",7.5,"
A man brutally murdered comes back to life as an undead avenger of his and his fiancée's murder."
253,Doctor Strange,(2016),13A,115 min,"Action, Adventure, Fantasy",7.5,"
While on a journey of physical and spiritual healing, a brilliant neurosurgeon is drawn into the world of the mystic arts."
254,Collateral,(2004),18+,120 min,"Action, Crime, Drama",7.5,"
A cab driver finds himself the hostage of an engaging contract killer as he makes his rounds from hit to hit during one night in Los Angeles."
255,Lone Survivor,(2013),15+,121 min,"Action, Biography, Drama",7.5,"
Marcus Luttrell and his team set out on a mission to capture or kill notorious Taliban leader Ahmad Shah, in late June 2005. Marcus and his team are left to fight for their lives in one of the most valiant efforts of modern warfare."
256,Upgrade,(2018),15+,100 min,"Action, Sci-Fi, Thriller",7.5,"
Set in the near-future, technology controls nearly all aspects of life. But when the world of Grey, a self-labeled technophobe, is turned upside down, his only hope for revenge is an experimental computer chip implant."
257,The Hunt for Red October,(1990),13+,135 min,"Action, Adventure, Thriller",7.5,"
In November 1984, the Soviet Union's best submarine captain violates orders and heads for the U.S. in a new undetectable sub. The American CIA and military must quickly determine: Is he trying to defect or to start a war?"
258,Source Code,(2011),7+,93 min,"Action, Drama, Mystery",7.5,"
A soldier wakes up in someone else's body and discovers he's part of an experimental government program to find the bomber of a commuter train within 8 minutes."
259,Grindhouse,(2007),18+,191 min,"Action, Horror, Thriller",7.5,"
Quentin Tarantino and Robert Rodriguez's homage to exploitation double features in the '60s and '70s with two back-to-back cult films that include previews of coming attractions between them."
260,Enemy at the Gates,(2001),13+,131 min,"Action, Drama, War",7.5,"
A Russian and a German sniper play a game of cat-and-mouse during the Battle of Stalingrad."
261,It's a Mad Mad Mad Mad World,(1963),---,210 min,"Action, Adventure, Comedy",7.5,"
A group of motorists witnesses a car crash in the California desert, and after the driver's dying words indicate the location of a hidden stash of loot, they turn against each in a race across the state to get to it."
262,Midnight Run,(1988),7+,126 min,"Action, Comedy, Crime",7.5,"
A bounty hunter pursues a former Mafia accountant who is also being chased by a rival bounty hunter, the F.B.I., and his old mob boss after jumping bail."
263,Retfærdighedens ryttere,(2020),---,116 min,"Action, Comedy, Drama",7.5,"
Markus goes home to his teenage daughter, Mathilde, when his wife dies in a train crash. All appears to be a tragic accident until a mathematics geek, who was also a fellow passenger on the train, and his two colleagues show up."
264,The Guns of Navarone,(1961),16+,158 min,"Action, Adventure, Drama",7.5,"
A team of Allied saboteurs are assigned an impossible mission: infiltrate an impregnable Nazi-held Greek island and destroy the two enormous long-range field guns that prevent the rescue of 2,000 trapped British soldiers."
265,Gojira,(1954),---,96 min,"Action, Horror, Sci-Fi",7.5,"
American nuclear-weapons testing results in the creation of a seemingly unstoppable, dinosaur-like beast."
266,Mission Majnu,(2023),16+,129 min,"Action, Drama, History",7.5,"
In the 1970s, an undercover Indian spy takes on a deadly mission to expose a covert nuclear weapons program in the heart of Pakistan."
267,Ging chaat goo si,(1985),PG-13,100 min,"Action, Comedy, Crime",7.5,"
A virtuous Hong Kong Police Officer must clear his good name when the drug lord he is after frames him for the murder of a dirty cop."
268,Shi mian mai fu,(2004),PG-13,119 min,"Action, Adventure, Drama",7.5,"
A romantic police captain breaks a beautiful member of a rebel group out of prison to help her rejoin her fellows, but things are not what they seem."
269,Hodejegerne,(2011),R,100 min,"Action, Crime, Thriller",7.5,"
An accomplished headhunter risks everything to obtain a valuable painting owned by a former mercenary."
270,Jûsan-nin no shikaku,(2010),R,141 min,"Action, Adventure, Drama",7.5,"
A group of assassins come together for a suicide mission to kill an evil lord."
271,Yip Man 2,(2010),R,108 min,"Action, Biography, Drama",7.5,"
Centering on Ip Man's migration to Hong Kong in 1949 as he attempts to propagate his discipline of Wing Chun martial arts."
272,Tora! Tora! Tora!,(1970),---,144 min,"Action, Drama, History",7.5,"
The story of the 1941 Japanese air raid on Pearl Harbor, and the series of preceding American blunders that aggravated its effectiveness."
273,Dalkomhan insaeng,(2005),18+,119 min,"Action, Crime, Drama",7.5,"
Things go wrong for a high ranking mobster when he doesn't proceed by his boss's orders."
274,Zatôichi,(2003),13+,116 min,"Action, Comedy, Crime",7.5,"
The blind masseur/swordsman comes to a town in control of warring gangs, and while bunking with a farming family, he meets two women with their own agenda."
275,Jui kuen II,(1994),R,102 min,"Action, Comedy",7.5,"
A young martial artist is caught between respecting his pacifist father's wishes or stopping a group of disrespectful foreigners from stealing precious artifacts."
276,L'instinct de mort,(2008),R,113 min,"Action, Biography, Crime",7.5,"
The story of the notorious French gangster Jacques Mesrine, with the focus on his life before the early 1970s and the events that led to him being declared Public Enemy No. 1 in France."
277,Delhi Belly,(2011),---,103 min,"Action, Comedy, Crime",7.5,"
Three struggling room-mates unknowingly become potential prey of a ruthless gangster."
278,Jodhaa Akbar,(2008),---,213 min,"Action, Drama, History",7.5,"
A sixteenth century love story about a marriage of alliance that gave birth to true love between a great Mughal emperor, Akbar, and a Rajput princess, Jodha."
279,Mersal,(2017),---,172 min,"Action, Thriller",7.5,"
A police officer arrests a doctor for crimes targeting medical professionals but later finds the real culprit in a tale of revenge, corruption and magic."
280,Tanhaji: The Unsung Warrior,(2020),---,135 min,"Action, Biography, Drama",7.5,"
Tanhaji Malusare, a military chieftain in the army of the Maratha king Shivaji, leads the charge to capture the strategically important Kondhana fort guarded by the army of the fierce Rajput chieftain Udaybhan Rathod."
281,Waar,(2013),---,130 min,"Action, Crime, Drama",7.5,"
The efforts of the Pakistani security forces in their fight against terrorism and how the lives of security officials are affected. A retired security officer returns to save Pakistan from a major terrorist attack."
282,Nobody,(I) (2021),R,92 min,"Action, Crime, Drama",7.4,"
A docile family man slowly reveals his true character after his house gets burgled by two petty thieves, which, coincidentally, leads him into a bloody war with a Russian crime boss."
283,John Wick,(2014),15+,101 min,"Action, Crime, Thriller",7.4,"
An ex-hit-man comes out of retirement to track down the gangsters that killed his dog and took his car."
284,John Wick: Chapter 3 - Parabellum,(2019),15+,130 min,"Action, Crime, Thriller",7.4,"
John Wick is on the run after killing a member of the international assassins' guild, and with a $14 million price tag on his head, he is the target of hit men and women everywhere."
285,John Wick: Chapter 2,(2017),15+,122 min,"Action, Crime, Thriller",7.4,"
After returning to the criminal underworld to repay a debt, John Wick discovers that a large bounty has been put on his life."
286,Spider-Man,(2002),13+,121 min,"Action, Adventure, Sci-Fi",7.4,"
After being bitten by a genetically-modified spider, a shy teenager gains spider-like abilities that he uses to fight injustice as a masked superhero and face a vengeful enemy."
287,Ready Player One,(2018),13A,140 min,"Action, Adventure, Sci-Fi",7.4,"
When the creator of a virtual reality called the OASIS dies, he makes a posthumous challenge to all OASIS users to find his Easter Egg, which will give the finder his fortune and control of his world."
288,Superman,(1978),7A,143 min,"Action, Adventure, Sci-Fi",7.4,"
An alien orphan is sent from his dying planet to Earth, where he grows up to become his adoptive home's first and greatest superhero."
289,Bullitt,(1968),M/PG,114 min,"Action, Crime, Thriller",7.4,"
An all-guts, no-glory San Francisco cop becomes determined to find the underworld kingpin that killed the witness in his protection."
290,The Rock,(1996),G,136 min,"Action, Adventure, Thriller",7.4,"
A mild-mannered chemist and an ex-con must lead the counterstrike when a rogue group of military men, led by a renegade general, threaten a nerve gas attack from Alcatraz against San Francisco."
291,Shang-Chi and the Legend of the Ten Rings,(2021),13+,132 min,"Action, Adventure, Fantasy",7.4,"
Shang-Chi, the master of weaponry-based Kung Fu, is forced to confront his past after being drawn into the Ten Rings organization."
292,The Last Duel,(2021),16+,152 min,"Action, Drama, History",7.4,"
King Charles VI declares that Knight Jean de Carrouges settle his dispute with his squire by challenging him to a duel."
293,Spider-Man: Homecoming,(2017),13+,133 min,"Action, Adventure, Sci-Fi",7.4,"
Peter Parker balances his life as an ordinary high school student in Queens with his superhero alter-ego Spider-Man, and finds himself on the trail of a new menace prowling the skies of New York City."
294,Spider-Man 2,(2004),16+,127 min,"Action, Adventure, Sci-Fi",7.4,"
Peter Parker is beset with troubles in his failing personal life as he battles a brilliant scientist named Doctor Otto Octavius."
295,War for the Planet of the Apes,(2017),13A,140 min,"Action, Adventure, Drama",7.4,"
After the apes suffer unimaginable losses, Caesar wrestles with his darker instincts and begins his own mythic quest to avenge his kind."
296,Mission: Impossible - Ghost Protocol,(2011),13+,132 min,"Action, Adventure, Thriller",7.4,"
The IMF is shut down when it's implicated in the bombing of the Kremlin, causing Ethan Hunt and his new team to go rogue to clear their organization's name."
297,Predestination,(I) (2014),18+,97 min,"Action, Drama, Sci-Fi",7.4,"
For his final assignment, a top temporal agent must pursue the one criminal that has eluded him throughout time. The chase turns into a unique, surprising and mind-bending exploration of love, fate, identity and time travel taboos."
298,Wonder Woman,(2017),13+,141 min,"Action, Adventure, Fantasy",7.4,"
When a pilot crashes and tells of conflict in the outside world, Diana, an Amazonian warrior in training, leaves home to fight a war, discovering her full powers and true destiny."
299,Mission: Impossible - Rogue Nation,(2015),13A,131 min,"Action, Adventure, Thriller",7.4,"
Ethan and his team take on their most impossible mission yet when they have to eradicate an international rogue organization as highly skilled as they are and committed to destroying the IMF."
